27_03-23RBDA(186608)																						
Position	ref NT	AA POS	ref AA	A	T	C	G	-	Total	Primary NT	Counts	Abundance	Primary Seq AA	single nt AA	Secondary NT	Counts	Abundance	AA	Tertiary NT	Counts	Abundance	AA
1211	G	404	G	0	0	0	185971	0	185971	G	185971	1										
1212	T	404	G	0	186194	0	414	0	186608	T	186194	0.998			G	414	0.002	G				
1213	G	405	D	0	414	0	186194	0	186608	G	186194	0.998			T	414	0.002	Y				
1214	A	405	D	186487	0	0	121	0	186608	A	186487	0.999										
1215	T	405	D	0	186493	0	115	0	186608	T	186493	0.999										
1216	G	406	E	0	0	0	186073	535	186608	G	186073	0.997			-	535	0.003	?				
1217	A	406	E	185880	0	0	0	728	186608	A	185880	0.996			-	728	0.004	?				
1218	A	406	E	186608	0	0	0	0	186608	A	186608	1										
1219	G	407	V	0	0	0	186608	0	186608	G	186608	1										
1220	T	407	V	0	186608	0	0	0	186608	T	186608	1										
1221	C	407	V	0	0	186608	0	0	186608	C	186608	1										
1222	A	408	R	186497	0	0	0	111	186608	A	186497	0.999										
1223	G	408	R	0	0	0	186608	0	186608	G	186608	1										
1224	A	408	R	186608	0	0	0	0	186608	A	186608	1										
1225	C	409	Q	0	0	186608	0	0	186608	C	186608	1										
1226	A	409	Q	186608	0	0	0	0	186608	A	186608	1										
1227	A	409	Q	186608	0	0	0	0	186608	A	186608	1										
1228	A	410	I	186608	0	0	0	0	186608	A	186608	1										
1229	T	410	I	0	186608	0	0	0	186608	T	186608	1										
1230	C	410	I	0	0	186608	0	0	186608	C	186608	1										
1231	G	411	A	0	0	0	186608	0	186608	G	186608	1										
1232	C	411	A	0	0	186608	0	0	186608	C	186608	1										
1233	T	411	A	0	186608	0	0	0	186608	T	186608	1										
1234	C	412	P	0	0	186608	0	0	186608	C	186608	1										
1235	C	412	P	0	0	186608	0	0	186608	C	186608	1										
1236	A	412	P	186608	0	0	0	0	186608	A	186608	1										
1237	G	413	G	0	0	0	186608	0	186608	G	186608	1										
1238	G	413	G	0	0	0	186608	0	186608	G	186608	1										
1239	G	413	G	0	0	0	186608	0	186608	G	186608	1										
1240	C	414	Q	0	0	186608	0	0	186608	C	186608	1										
1241	A	414	Q	186608	0	0	0	0	186608	A	186608	1										
1242	A	414	Q	186608	0	0	0	0	186608	A	186608	1										
1243	A	415	T	186608	0	0	0	0	186608	A	186608	1										
1244	C	415	T	0	0	186608	0	0	186608	C	186608	1										
1245	T	415	T	0	186608	0	0	0	186608	T	186608	1										
1246	G	416	G	0	0	0	186608	0	186608	G	186608	1										
1247	G	416	G	0	0	0	186608	0	186608	G	186608	1										
1248	A	416	G	186608	0	0	0	0	186608	A	186608	1										
1249	A	417	K	186608	0	0	0	0	186608	A	186608	1										
1250	A	417	K	186608	0	0	0	0	186608	A	186608	1										
1251	G	417	K	0	0	0	186608	0	186608	G	186608	1										
1252	A	418	I	186608	0	0	0	0	186608	A	186608	1										
1253	T	418	I	0	186608	0	0	0	186608	T	186608	1										
1254	T	418	I	0	186608	0	0	0	186608	T	186608	1										
1255	G	419	A	0	0	0	186608	0	186608	G	186608	1										
1256	C	419	A	0	0	186608	0	0	186608	C	186608	1										
1257	T	419	A	0	186608	0	0	0	186608	T	186608	1										
1258	G	420	D	0	0	0	186608	0	186608	G	186608	1										
1259	A	420	D	186608	0	0	0	0	186608	A	186608	1										
1260	T	420	D	0	186608	0	0	0	186608	T	186608	1										
1261	T	421	Y	0	186608	0	0	0	186608	T	186608	1										
1262	A	421	Y	186608	0	0	0	0	186608	A	186608	1										
1263	T	421	Y	0	186608	0	0	0	186608	T	186608	1										
1264	A	422	N	186608	0	0	0	0	186608	A	186608	1										
1265	A	422	N	186608	0	0	0	0	186608	A	186608	1										
1266	T	422	N	0	186608	0	0	0	186608	T	186608	1										
1267	T	423	Y	0	186608	0	0	0	186608	T	186608	1										
1268	A	423	Y	186608	0	0	0	0	186608	A	186608	1										
1269	T	423	Y	0	186608	0	0	0	186608	T	186608	1										
1270	A	424	K	186608	0	0	0	0	186608	A	186608	1										
1271	A	424	K	186608	0	0	0	0	186608	A	186608	1										
1272	A	424	K	186608	0	0	0	0	186608	A	186608	1										
1273	T	425	L	0	186608	0	0	0	186608	T	186608	1										
1274	T	425	L	0	186608	0	0	0	186608	T	186608	1										
1275	A	425	L	186608	0	0	0	0	186608	A	186608	1										
1276	C	426	P	0	0	186608	0	0	186608	C	186608	1										
1277	C	426	P	0	0	186608	0	0	186608	C	186608	1										
1278	A	426	P	186608	0	0	0	0	186608	A	186608	1										
1279	G	427	D	0	0	0	186608	0	186608	G	186608	1										
1280	A	427	D	186608	0	0	0	0	186608	A	186608	1										
1281	T	427	D	0	186608	0	0	0	186608	T	186608	1										
1282	G	428	D	0	0	0	186608	0	186608	G	186608	1										
1283	A	428	D	186608	0	0	0	0	186608	A	186608	1										
1284	T	428	D	0	186608	0	0	0	186608	T	186608	1										
1285	T	429	F	0	186608	0	0	0	186608	T	186608	1										
1286	T	429	F	0	186608	0	0	0	186608	T	186608	1										
1287	T	429	F	0	186608	0	0	0	186608	T	186608	1										
1288	A	430	T	186608	0	0	0	0	186608	A	186608	1										
1289	C	430	T	0	0	186608	0	0	186608	C	186608	1										
1290	A	430	T	186608	0	0	0	0	186608	A	186608	1										
1291	G	431	G	0	0	0	186608	0	186608	G	186608	1										
1292	G	431	G	0	0	0	186608	0	186608	G	186608	1										
1293	C	431	G	0	0	186608	0	0	186608	C	186608	1										
1294	T	432	C	0	186608	0	0	0	186608	T	186608	1										
1295	G	432	C	0	0	0	186608	0	186608	G	186608	1										
1296	C	432	C	0	0	186608	0	0	186608	C	186608	1										
1297	G	433	V	0	0	0	186608	0	186608	G	186608	1										
1298	T	433	V	0	186608	0	0	0	186608	T	186608	1										
1299	T	433	V	0	186608	0	0	0	186608	T	186608	1										
1300	A	434	I	186608	0	0	0	0	186608	A	186608	1										
1301	T	434	I	0	186608	0	0	0	186608	T	186608	1										
1302	A	434	I	186608	0	0	0	0	186608	A	186608	1										
1303	G	435	A	0	0	0	186608	0	186608	G	186608	1										
1304	C	435	A	0	0	186608	0	0	186608	C	186608	1										
1305	T	435	A	0	186608	0	0	0	186608	T	186608	1										
1306	T	436	W	0	186608	0	0	0	186608	T	186608	1										
1307	G	436	W	0	0	0	186608	0	186608	G	186608	1										
1308	G	436	W	0	0	0	186608	0	186608	G	186608	1										
1309	A	437	N	186608	0	0	0	0	186608	A	186608	1										
1310	A	437	N	186608	0	0	0	0	186608	A	186608	1										
1311	T	437	N	0	186608	0	0	0	186608	T	186608	1										
1312	T	438	S	0	186608	0	0	0	186608	T	186608	1										
1313	C	438	S	0	0	186608	0	0	186608	C	186608	1										
1314	T	438	S	0	186608	0	0	0	186608	T	186608	1										
1315	A	439	N	186608	0	0	0	0	186608	A	186608	1										
1316	A	439	N	186608	0	0	0	0	186608	A	186608	1										
1317	C	439	N	0	0	186608	0	0	186608	C	186608	1										
1318	A	440	N	186608	0	0	0	0	186608	A	186608	1										
1319	A	440	N	186608	0	0	0	0	186608	A	186608	1										
1320	T	440	N	0	186608	0	0	0	186608	T	186608	1										
1321	C	441	L	0	0	186608	0	0	186608	C	186608	1										
1322	T	441	L	0	186608	0	0	0	186608	T	186608	1										
1323	T	441	L	0	186608	0	0	0	186608	T	186608	1										
1324	G	442	D	0	0	0	186608	0	186608	G	186608	1										
1325	A	442	D	186608	0	0	0	0	186608	A	186608	1										
1326	T	442	D	0	186608	0	0	0	186608	T	186608	1										
1327	T	443	S	0	186608	0	0	0	186608	T	186608	1										
1328	C	443	S	0	0	186608	0	0	186608	C	186608	1										
1329	T	443	S	0	186608	0	0	0	186608	T	186608	1										
1330	A	444	K	186608	0	0	0	0	186608	A	186608	1										
1331	A	444	K	186608	0	0	0	0	186608	A	186608	1										
1332	G	444	K	0	0	0	186608	0	186608	G	186608	1										
1333	G	445	V	0	0	0	186608	0	186608	G	186608	1										
1334	T	445	V	0	186608	0	0	0	186608	T	186608	1										
1335	T	445	V	0	186608	0	0	0	186608	T	186608	1										
1336	G	446	G	0	0	0	186608	0	186608	G	186608	1										
1337	G	446	G	0	0	0	186608	0	186608	G	186608	1										
1338	T	446	G	0	186608	0	0	0	186608	T	186608	1										
1339	G	447	G	0	0	0	186608	0	186608	G	186608	1										
1340	G	447	G	0	0	0	186608	0	186608	G	186608	1										
1341	T	447	G	0	186608	0	0	0	186608	T	186608	1										
1342	A	448	N	186608	0	0	0	0	186608	A	186608	1										
1343	A	448	N	186608	0	0	0	0	186608	A	186608	1										
1344	T	448	N	0	186608	0	0	0	186608	T	186608	1										
1345	T	449	Y	0	186608	0	0	0	186608	T	186608	1										
1346	A	449	Y	186608	0	0	0	0	186608	A	186608	1										
1347	T	449	Y	0	186608	0	0	0	186608	T	186608	1										
1348	A	450	N	186608	0	0	0	0	186608	A	186608	1										
1349	A	450	N	186608	0	0	0	0	186608	A	186608	1										
1350	T	450	N	0	186608	0	0	0	186608	T	186608	1										
1351	T	451	Y	0	186608	0	0	0	186608	T	186608	1										
1352	A	451	Y	186608	0	0	0	0	186608	A	186608	1										
1353	C	451	Y	0	0	186608	0	0	186608	C	186608	1										
1354	C	452	L	0	0	186608	0	0	186608	C	186608	1										
1355	T	452	L	0	186608	0	0	0	186608	T	186608	1										
1356	G	452	L	0	0	0	186608	0	186608	G	186608	1										
1357	T	453	Y	0	186608	0	0	0	186608	T	186608	1										
1358	A	453	Y	186608	0	0	0	0	186608	A	186608	1										
1359	T	453	Y	0	186608	0	0	0	186608	T	186608	1										
1360	A	454	R	186608	0	0	0	0	186608	A	186608	1										
1361	G	454	R	0	0	0	186608	0	186608	G	186608	1										
1362	A	454	R	186608	0	0	0	0	186608	A	186608	1										
1363	T	455	L	0	186608	0	0	0	186608	T	186608	1										
1364	T	455	L	0	186608	0	0	0	186608	T	186608	1										
1365	G	455	L	0	0	0	186608	0	186608	G	186608	1										
1366	T	456	F	0	186608	0	0	0	186608	T	186608	1										
1367	T	456	F	0	186608	0	0	0	186608	T	186608	1										
1368	T	456	F	0	186608	0	0	0	186608	T	186608	1										
1369	A	457	R	186608	0	0	0	0	186608	A	186608	1										
1370	G	457	R	0	0	0	186608	0	186608	G	186608	1										
1371	G	457	R	0	0	0	186608	0	186608	G	186608	1										
1372	A	458	K	186608	0	0	0	0	186608	A	186608	1										
1373	A	458	K	186608	0	0	0	0	186608	A	186608	1										
1374	G	458	K	0	0	0	186608	0	186608	G	186608	1										
1375	T	459	S	0	186608	0	0	0	186608	T	186608	1										
1376	C	459	S	0	0	186608	0	0	186608	C	186608	1										
1377	T	459	S	0	186608	0	0	0	186608	T	186608	1										
1378	A	460	N	186608	0	0	0	0	186608	A	186608	1										
1379	A	460	N	186608	0	0	0	0	186608	A	186608	1										
1380	T	460	N	0	186608	0	0	0	186608	T	186608	1										
1381	C	461	L	0	0	186608	0	0	186608	C	186608	1										
1382	T	461	L	0	186608	0	0	0	186608	T	186608	1										
1383	C	461	L	0	0	186608	0	0	186608	C	186608	1										
1384	A	462	K	186608	0	0	0	0	186608	A	186608	1										
1385	A	462	K	186608	0	0	0	0	186608	A	186608	1										
1386	A	462	K	186608	0	0	0	0	186608	A	186608	1										
1387	C	463	P	0	0	186608	0	0	186608	C	186608	1										
1388	C	463	P	0	0	186608	0	0	186608	C	186608	1										
1389	T	463	P	0	186608	0	0	0	186608	T	186608	1										
1390	T	464	F	0	186608	0	0	0	186608	T	186608	1										
1391	T	464	F	0	186608	0	0	0	186608	T	186608	1										
1392	T	464	F	0	186608	0	0	0	186608	T	186608	1										
1393	G	465	E	0	0	0	186608	0	186608	G	186608	1										
1394	A	465	E	186608	0	0	0	0	186608	A	186608	1										
1395	G	465	E	0	0	0	186608	0	186608	G	186608	1										
1396	A	466	R	186608	0	0	0	0	186608	A	186608	1										
1397	G	466	R	0	0	0	186608	0	186608	G	186608	1										
1398	A	466	R	186608	0	0	0	0	186608	A	186608	1										
1399	G	467	D	0	0	0	186608	0	186608	G	186608	1										
1400	A	467	D	186608	0	0	0	0	186608	A	186608	1										
1401	T	467	D	0	186608	0	0	0	186608	T	186608	1										
1402	A	468	I	186608	0	0	0	0	186608	A	186608	1										
1403	T	468	I	0	186608	0	0	0	186608	T	186608	1										
1404	T	468	I	0	186608	0	0	0	186608	T	186608	1										
1405	T	469	S	0	186608	0	0	0	186608	T	186608	1										
1406	C	469	S	0	0	186608	0	0	186608	C	186608	1										
1407	A	469	S	186608	0	0	0	0	186608	A	186608	1										
1408	A	470	T	186608	0	0	0	0	186608	A	186608	1										
1409	C	470	T	0	0	186608	0	0	186608	C	186608	1										
1410	T	470	T	0	186608	0	0	0	186608	T	186608	1										
1411	G	471	E	0	0	0	186608	0	186608	G	186608	1										
1412	A	471	E	186608	0	0	0	0	186608	A	186608	1										
1413	A	471	E	186608	0	0	0	0	186608	A	186608	1										
1414	A	472	I	186608	0	0	0	0	186608	A	186608	1										
1415	T	472	I	0	186608	0	0	0	186608	T	186608	1										
1416	C	472	I	0	0	186608	0	0	186608	C	186608	1										
1417	T	473	Y	0	186608	0	0	0	186608	T	186608	1										
1418	A	473	Y	186608	0	0	0	0	186608	A	186608	1										
1419	T	473	Y	0	186608	0	0	0	186608	T	186608	1										
1420	C	474	Q	0	0	186608	0	0	186608	C	186608	1										
1421	A	474	Q	186608	0	0	0	0	186608	A	186608	1										
1422	G	474	Q	0	0	0	186608	0	186608	G	186608	1										
1423	G	475	A	0	0	0	186608	0	186608	G	186608	1										
1424	C	475	A	0	0	186608	0	0	186608	C	186608	1										
1425	C	475	A	0	0	186608	0	0	186608	C	186608	1										
1426	G	476	G	0	0	0	186608	0	186608	G	186608	1										
1427	G	476	G	0	0	0	186608	0	186608	G	186608	1										
1428	T	476	G	0	186608	0	0	0	186608	T	186608	1										
1429	A	477	S	186608	0	0	0	0	186608	A	186608	1										
1430	G	477	S	0	0	0	186608	0	186608	G	186608	1										
1431	C	477	S	0	0	186608	0	0	186608	C	186608	1										
1432	A	478	T	186608	0	0	0	0	186608	A	186608	1										
1433	C	478	T	0	0	186608	0	0	186608	C	186608	1										
1434	A	478	T	186608	0	0	0	0	186608	A	186608	1										
1435	C	479	P	0	0	186608	0	0	186608	C	186608	1										
1436	C	479	P	0	0	186608	0	0	186608	C	186608	1										
1437	T	479	P	0	186608	0	0	0	186608	T	186608	1										
1438	T	480	C	0	186608	0	0	0	186608	T	186608	1										
1439	G	480	C	0	0	0	186608	0	186608	G	186608	1										
1440	T	480	C	0	186608	0	0	0	186608	T	186608	1										
1441	A	481	N	186608	0	0	0	0	186608	A	186608	1										
1442	A	481	N	186608	0	0	0	0	186608	A	186608	1										
1443	T	481	N	0	186608	0	0	0	186608	T	186608	1										
1444	G	482	G	0	0	0	186608	0	186608	G	186608	1										
1445	G	482	G	0	0	0	186608	0	186608	G	186608	1										
1446	T	482	G	0	186608	0	0	0	186608	T	186608	1										
1447	G	483	V	0	0	0	186608	0	186608	G	186608	1										
1448	T	483	V	0	186608	0	0	0	186608	T	186608	1										
1449	T	483	V	0	186608	0	0	0	186608	T	186608	1										
1450	G	484	E	0	0	0	186608	0	186608	G	186608	1										
1451	A	484	E	186608	0	0	0	0	186608	A	186608	1										
1452	A	484	E	186608	0	0	0	0	186608	A	186608	1										
1453	G	485	G	0	0	0	186608	0	186608	G	186608	1										
1454	G	485	G	0	0	0	186608	0	186608	G	186608	1										
1455	T	485	G	0	186608	0	0	0	186608	T	186608	1										
1456	T	486	F	0	186608	0	0	0	186608	T	186608	1										
1457	T	486	F	0	186608	0	0	0	186608	T	186608	1										
1458	T	486	F	0	186608	0	0	0	186608	T	186608	1										
1459	A	487	N	186608	0	0	0	0	186608	A	186608	1										
1460	A	487	N	186608	0	0	0	0	186608	A	186608	1										
1461	T	487	N	0	186608	0	0	0	186608	T	186608	1										
1462	T	488	C	0	186608	0	0	0	186608	T	186608	1										
1463	G	488	C	0	0	0	186608	0	186608	G	186608	1										
1464	T	488	C	0	186608	0	0	0	186608	T	186608	1										
1465	T	489	Y	0	186608	0	0	0	186608	T	186608	1										
1466	A	489	Y	186608	0	0	0	0	186608	A	186608	1										
1467	C	489	Y	0	0	186608	0	0	186608	C	186608	1										
1468	T	490	F	0	186608	0	0	0	186608	T	186608	1										
1469	T	490	F	0	186608	0	0	0	186608	T	186608	1										
1470	T	490	F	0	186608	0	0	0	186608	T	186608	1										
1471	C	491	P	0	0	186608	0	0	186608	C	186608	1										
1472	C	491	P	0	0	186608	0	0	186608	C	186608	1										
1473	T	491	P	0	186608	0	0	0	186608	T	186608	1										
1474	T	492	L	0	186608	0	0	0	186608	T	186608	1										
1475	T	492	L	0	186608	0	0	0	186608	T	186608	1										
1476	A	492	L	186608	0	0	0	0	186608	A	186608	1										
1477	C	493	Q	0	0	186608	0	0	186608	C	186608	1										
1478	A	493	Q	186608	0	0	0	0	186608	A	186608	1										
1479	A	493	Q	186608	0	0	0	0	186608	A	186608	1										
1480	T	494	S	0	186608	0	0	0	186608	T	186608	1										
1481	C	494	S	0	0	186608	0	0	186608	C	186608	1										
1482	A	494	S	186608	0	0	0	0	186608	A	186608	1										
1483	T	495	Y	0	186608	0	0	0	186608	T	186608	1										
1484	A	495	Y	186608	0	0	0	0	186608	A	186608	1										
1485	T	495	Y	0	186608	0	0	0	186608	T	186608	1										
1486	G	496	G	0	0	0	186608	0	186608	G	186608	1										
1487	G	496	G	0	0	0	186608	0	186608	G	186608	1										
1488	T	496	G	0	186608	0	0	0	186608	T	186608	1										
1489	T	497	F	0	186608	0	0	0	186608	T	186608	1										
1490	T	497	F	0	186608	0	0	0	186608	T	186608	1										
1491	C	497	F	0	0	186608	0	0	186608	C	186608	1										
1492	C	498	Q	0	0	186608	0	0	186608	C	186608	1										
1493	A	498	Q	186608	0	0	0	0	186608	A	186608	1										
1494	A	498	Q	186608	0	0	0	0	186608	A	186608	1										
1495	C	499	P	0	0	186608	0	0	186608	C	186608	1										
1496	C	499	P	0	0	186608	0	0	186608	C	186608	1										
1497	C	499	P	0	0	186608	0	0	186608	C	186608	1										
1498	A	500	T	186608	0	0	0	0	186608	A	186608	1										
1499	C	500	T	0	0	186608	0	0	186608	C	186608	1										
1500	T	500	T	0	186608	0	0	0	186608	T	186608	1										
1501	A	501	N	81669	104939	0	0	0	186608	T	104939	0.562	Y	Y	A	81669	0.438	N				
1502	A	501	N	186608	0	0	0	0	186608	A	186608	1										
1503	T	501	N	0	186608	0	0	0	186608	T	186608	1										
1504	G	502	G	0	0	0	186608	0	186608	G	186608	1										
1505	G	502	G	0	0	0	186608	0	186608	G	186608	1										
1506	T	502	G	0	186608	0	0	0	186608	T	186608	1										
1507	G	503	V	0	0	0	186608	0	186608	G	186608	1										
1508	T	503	V	0	186608	0	0	0	186608	T	186608	1										
1509	T	503	V	0	186608	0	0	0	186608	T	186608	1										
1510	G	504	G	0	0	0	186608	0	186608	G	186608	1										
1511	G	504	G	0	0	0	186608	0	186608	G	186608	1										
1512	T	504	G	0	186608	0	0	0	186608	T	186608	1										
1513	T	505	Y	0	186608	0	0	0	186608	T	186608	1										
1514	A	505	Y	186608	0	0	0	0	186608	A	186608	1										
1515	C	505	Y	0	0	186608	0	0	186608	C	186608	1										
1516	C	506	Q	0	0	186608	0	0	186608	C	186608	1										
1517	A	506	Q	186608	0	0	0	0	186608	A	186608	1										
1518	A	506	Q	186608	0	0	0	0	186608	A	186608	1										
1519	C	507	P	241	0	186367	0	0	186608	C	186367	0.999			A	241	0.001	T				
1520	C	507	P	0	0	186608	0	0	186608	C	186608	1										
1521	A	507	P	186608	0	0	0	0	186608	A	186608	1										
1522	T	508	Y	0	186608	0	0	0	186608	T	186608	1										
1523	A	508	Y	186608	0	0	0	0	186608	A	186608	1										
1524	C	508	Y	0	0	186608	0	0	186608	C	186608	1										
1525	A	509	R	186608	0	0	0	0	186608	A	186608	1										
1526	G	509	R	0	0	0	186608	0	186608	G	186608	1										
1527	A	509	R	186608	0	0	0	0	186608	A	186608	1										
1528	G	510	V	0	0	0	186608	0	186608	G	186608	1										
1529	T	510	V	0	186608	0	0	0	186608	T	186608	1										
1530	A	510	V	186608	0	0	0	0	186608	A	186608	1										
1531	G	511	V	0	0	0	186608	0	186608	G	186608	1										
1532	T	511	V	0	186608	0	0	0	186608	T	186608	1										
1533	A	511	V	186608	0	0	0	0	186608	A	186608	1										
1534	G	512	V	0	0	0	186608	0	186608	G	186608	1										
1535	T	512	V	0	186608	0	0	0	186608	T	186608	1										
1536	A	512	V	186608	0	0	0	0	186608	A	186608	1										
1537	C	513	L	0	0	186608	0	0	186608	C	186608	1										
1538	T	513	L	0	186608	0	0	0	186608	T	186608	1										
1539	T	513	L	0	186608	0	0	0	186608	T	186608	1										
1540	T	514	S	0	186608	0	0	0	186608	T	186608	1										
1541	C	514	S	0	0	186608	0	0	186608	C	186608	1										
1542	T	514	S	0	186608	0	0	0	186608	T	186608	1										
1543	T	515	F	0	186608	0	0	0	186608	T	186608	1										
1544	T	515	F	0	186608	0	0	0	186608	T	186608	1										
1545	T	515	F	0	186608	0	0	0	186608	T	186608	1										
1546	G	516	E	0	0	0	186608	0	186608	G	186608	1										
1547	A	516	E	186608	0	0	0	0	186608	A	186608	1										
1548	A	516	E	186608	0	0	0	0	186608	A	186608	1										
1549	C	517	L	0	0	186608	0	0	186608	C	186608	1										
1550	T	517	L	0	186608	0	0	0	186608	T	186608	1										
1551	T	517	L	0	186608	0	0	0	186608	T	186608	1										
1552	C	518	L	0	0	186608	0	0	186608	C	186608	1										
1553	T	518	L	0	186608	0	0	0	186608	T	186608	1										
1554	A	518	L	186608	0	0	0	0	186608	A	186608	1										
1555	C	519	H	0	0	186608	0	0	186608	C	186608	1										
1556	A	519	H	186608	0	0	0	0	186608	A	186608	1										
1557	T	519	H	0	186608	0	0	0	186608	T	186608	1										
1558	G	520	A	0	0	0	186608	0	186608	G	186608	1										
1559	C	520	A	0	0	186608	0	0	186608	C	186608	1										
1560	A	520	A	186608	0	0	0	0	186608	A	186608	1										
1561	C	521	P	0	0	186608	0	0	186608	C	186608	1										
1562	C	521	P	0	0	186608	0	0	186608	C	186608	1										
1563	A	521	P	186608	0	0	0	0	186608	A	186608	1										
1564	G	522	A	0	0	0	186608	0	186608	G	186608	1										
1565	C	522	A	0	0	186608	0	0	186608	C	186608	1										
1566	A	522	A	186608	0	0	0	0	186608	A	186608	1										
1567	A	523	T	186608	0	0	0	0	186608	A	186608	1										
1568	C	523	T	0	0	186608	0	0	186608	C	186608	1										
1569	T	523	T	0	186608	0	0	0	186608	T	186608	1										
1570	G	524	V	0	0	0	186608	0	186608	G	186608	1										
1571	T	524	V	0	186608	0	0	0	186608	T	186608	1										
1572	T	524	V	0	186608	0	0	0	186608	T	186608	1										
1573	T	525	C	0	186608	0	0	0	186608	T	186608	1										
1574	G	525	C	0	0	0	186608	0	186608	G	186608	1										
1575	T	525	C	0	186608	0	0	0	186608	T	186608	1										
1576	G	526	G	0	0	0	186608	0	186608	G	186608	1										
1577	G	526	G	0	0	0	186608	0	186608	G	186608	1										
1578	A	526	G	186608	0	0	0	0	186608	A	186608	1										
1579	C	527	P	0	0	186608	0	0	186608	C	186608	1										
1580	C	527	P	0	0	186608	0	0	186608	C	186608	1										
1581	T	527	P	0	186608	0	0	0	186608	T	186608	1										
1582	A	528	K	186608	0	0	0	0	186608	A	186608	1										
1583	A	528	K	186608	0	0	0	0	186608	A	186608	1										
1584	A	528	K	186608	0	0	0	0	186608	A	186608	1										
1585	A	529	K	186608	0	0	0	0	186608	A	186608	1										
1586	A	529	K	186608	0	0	0	0	186608	A	186608	1										
1587	G	529	K	0	0	0	186608	0	186608	G	186608	1										
1588	T	530	S	0	186608	0	0	0	186608	T	186608	1										
1589	C	530	S	0	0	186608	0	0	186608	C	186608	1										
1590	T	530	S	0	186608	0	0	0	186608	T	186608	1										
1591	A	531	T	186608	0	0	0	0	186608	A	186608	1										
1592	C	531	T	0	0	186608	0	0	186608	C	186608	1										
1593	T	531	T	0	186608	0	0	0	186608	T	186608	1										
1594	A	532	N	186608	0	0	0	0	186608	A	186608	1										
1595	A	532	N	186608	0	0	0	0	186608	A	186608	1										
1596	T	532	N	0	186608	0	0	0	186608	T	186608	1										
1597	T	533	L	0	186608	0	0	0	186608	T	186608	1										
1598	T	533	L	0	186608	0	0	0	186608	T	186608	1										
1599	G	533	L	0	0	0	186608	0	186608	G	186608	1										
1600	G	534	V	0	0	0	186608	0	186608	G	186608	1										
1601	T	534	V	0	186608	0	0	0	186608	T	186608	1										
1602	T	534	V	0	186608	0	0	0	186608	T	186608	1										
1603	A	535	K	186608	0	0	0	0	186608	A	186608	1										
1604	A	535	K	186608	0	0	0	0	186608	A	186608	1										
1605	A	535	K	186608	0	0	0	0	186608	A	186608	1										
1606	A	536	N	186608	0	0	0	0	186608	A	186608	1										
1607	A	536	N	186608	0	0	0	0	186608	A	186608	1										
1608	C	536	N	0	0	186608	0	0	186608	C	186608	1										
1609	A	537	K	186608	0	0	0	0	186608	A	186608	1										
1610	A	537	K	186608	0	0	0	0	186608	A	186608	1										
1611	A	537	K	186608	0	0	0	0	186608	A	186608	1										
1612	T	538	C	0	186608	0	0	0	186608	T	186608	1										
1613	G	538	C	0	0	0	186608	0	186608	G	186608	1										
1614	T	538	C	0	186608	0	0	0	186608	T	186608	1										
1615	G	539	V	0	0	0	186608	0	186608	G	186608	1										
1616	T	539	V	0	186608	0	0	0	186608	T	186608	1										
1617	C	539	V	0	0	186608	0	0	186608	C	186608	1										
1618	A	540	N	186608	0	0	0	0	186608	A	186608	1										
1619	A	540	N	186608	0	0	0	0	186608	A	186608	1										
1620	T	540	N	0	186608	0	0	0	186608	T	186608	1										
1621	T	541	F	0	186608	0	0	0	186608	T	186608	1										
1622	T	541	F	0	186608	0	0	0	186608	T	186608	1										
1623	C	541	F	0	0	186608	0	0	186608	C	186608	1										
1624	A	542	N	186608	0	0	0	0	186608	A	186608	1										
1625	A	542	N	186608	0	0	0	0	186608	A	186608	1										
1626	C	542	N	0	0	186608	0	0	186608	C	186608	1										
1627	T	543	F	0	186608	0	0	0	186608	T	186608	1										
1628	T	543	F	0	186608	0	0	0	186608	T	186608	1										
1629	C	543	F	0	0	186608	0	0	186608	C	186608	1										
1630	A	544	N	186608	0	0	0	0	186608	A	186608	1										
1631	A	544	N	186608	0	0	0	0	186608	A	186608	1										
1632	T	544	N	0	186608	0	0	0	186608	T	186608	1										
1633	G	545	G	0	0	0	186608	0	186608	G	186608	1										
1634	G	545	G	0	0	0	186608	0	186608	G	186608	1										
1635	T	545	G	0	186608	0	0	0	186608	T	186608	1										
1636	T	546	L	0	186608	0	0	0	186608	T	186608	1										
1637	T	546	L	0	186608	0	0	0	186608	T	186608	1										
1638	A	546	L	186608	0	0	0	0	186608	A	186608	1										
1639	A	547	T	186608	0	0	0	0	186608	A	186608	1										
1640	C	547	T	0	0	186608	0	0	186608	C	186608	1										
1641	A	547	T	186608	0	0	0	0	186608	A	186608	1										
1642	G	548	G	0	0	0	186608	0	186608	G	186608	1										
1643	G	548	G	0	0	0	186608	0	186608	G	186608	1										
1644	C	548	G	0	0	186608	0	0	186608	C	186608	1										
1645	A	549	T	186608	0	0	0	0	186608	A	186608	1										
1646	C	549	T	0	0	186608	0	0	186608	C	186608	1										
1647	A	549	T	186608	0	0	0	0	186608	A	186608	1										
1648	G	550	G	0	0	0	186608	0	186608	G	186608	1										
1649	G	550	G	0	0	0	186608	0	186608	G	186608	1										
1650	T	550	G	0	186608	0	0	0	186608	T	186608	1										
1651	G	551	V	0	0	0	186608	0	186608	G	186608	1										
1652	T	551	V	0	186608	0	0	0	186608	T	186608	1										
1653	T	551	V	0	186608	0	0	0	186608	T	186608	1										
1654	C	552	L	0	0	186608	0	0	186608	C	186608	1										
1655	T	552	L	0	186608	0	0	0	186608	T	186608	1										
1656	T	552	L	0	186608	0	0	0	186608	T	186608	1										
1657	A	553	T	186608	0	0	0	0	186608	A	186608	1										
1658	C	553	T	0	0	186608	0	0	186608	C	186608	1										
1659	T	553	T	0	186608	0	0	0	186608	T	186608	1										
1660	G	554	E	0	0	0	186608	0	186608	G	186608	1										
1661	A	554	E	186608	0	0	0	0	186608	A	186608	1										
1662	G	554	E	0	0	0	186608	0	186608	G	186608	1										
1663	T	555	S	0	186608	0	0	0	186608	T	186608	1										
1664	C	555	S	0	0	186608	0	0	186608	C	186608	1										
1665	T	555	S	0	186608	0	0	0	186608	T	186608	1										
1666	A	556	N	186608	0	0	0	0	186608	A	186608	1										
1667	A	556	N	186608	0	0	0	0	186608	A	186608	1										
1668	C	556	N	0	0	186608	0	0	186608	C	186608	1										
1669	A	557	K	186608	0	0	0	0	186608	A	186608	1										
1670	A	557	K	186608	0	0	0	0	186608	A	186608	1										
1671	A	557	K	186608	0	0	0	0	186608	A	186608	1										
1672	A	558	K	186608	0	0	0	0	186608	A	186608	1										
1673	A	558	K	186608	0	0	0	0	186608	A	186608	1										
1674	G	558	K	0	0	0	186608	0	186608	G	186608	1										
1675	T	559	F	0	186608	0	0	0	186608	T	186608	1										
1676	T	559	F	0	186608	0	0	0	186608	T	186608	1										
1677	T	559	F	0	186608	0	0	0	186608	T	186608	1										
1678	C	560	L	0	0	186608	0	0	186608	C	186608	1										
1679	T	560	L	0	186608	0	0	0	186608	T	186608	1										
1680	G	560	L	0	0	0	186608	0	186608	G	186608	1										
1681	C	561	P	0	0	186608	0	0	186608	C	186608	1										
1682	C	561	P	0	0	186608	0	0	186608	C	186608	1										
1683	T	561	P	0	186608	0	0	0	186608	T	186608	1										
1684	T	562	F	0	186608	0	0	0	186608	T	186608	1										
1685	T	562	F	0	186608	0	0	0	186608	T	186608	1										
1686	C	562	F	0	0	186608	0	0	186608	C	186608	1										
1687	C	563	Q	0	0	186608	0	0	186608	C	186608	1										
1688	A	563	Q	186608	0	0	0	0	186608	A	186608	1										
1689	A	563	Q	186608	0	0	0	0	186608	A	186608	1										
1690	C	564	Q	0	0	186608	0	0	186608	C	186608	1										
1691	A	564	Q	186608	0	0	0	0	186608	A	186608	1										
1692	A	564	Q	186608	0	0	0	0	186608	A	186608	1										
1693	T	565	F	0	186608	0	0	0	186608	T	186608	1										
1694	T	565	F	0	186608	0	0	0	186608	T	186608	1										
1695	T	565	F	0	186608	0	0	0	186608	T	186608	1										
1696	G	566	G	0	0	0	186608	0	186608	G	186608	1										
1697	G	566	G	0	0	0	186608	0	186608	G	186608	1										
1698	C	566	G	0	0	186608	0	0	186608	C	186608	1										
1699	A	567	R	186608	0	0	0	0	186608	A	186608	1										
1700	G	567	R	0	0	0	186608	0	186608	G	186608	1										
1701	A	567	R	186608	0	0	0	0	186608	A	186608	1										
1702	G	568	D	0	0	0	186608	0	186608	G	186608	1										
1703	A	568	D	186608	0	0	0	0	186608	A	186608	1										
1704	C	568	D	0	0	186608	0	0	186608	C	186608	1										
1705	A	569	I	186608	0	0	0	0	186608	A	186608	1										
1706	T	569	I	0	186608	0	0	0	186608	T	186608	1										
1707	T	569	I	0	186608	0	0	0	186608	T	186608	1										
1708	G	570	A	0	0	0	186608	0	186608	G	186608	1										
1709	C	570	A	105545	0	81063	0	0	186608	A	105545	0.566	D	D	C	81063	0.434	A				
1710	T	570	A	0	186608	0	0	0	186608	T	186608	1										
1711	G	571	D	0	0	0	186608	0	186608	G	186608	1										
1712	A	571	D	186608	0	0	0	0	186608	A	186608	1										
1713	C	571	D	0	0	186608	0	0	186608	C	186608	1										
1714	A	572	T	186608	0	0	0	0	186608	A	186608	1										
1715	C	572	T	0	0	186608	0	0	186608	C	186608	1										
1716	T	572	T	0	186608	0	0	0	186608	T	186608	1										
1717	A	573	T	186608	0	0	0	0	186608	A	186608	1										
1718	C	573	T	0	0	186608	0	0	186608	C	186608	1										
1719	T	573	T	0	186608	0	0	0	186608	T	186608	1										
1720	G	574	D	0	0	0	186608	0	186608	G	186608	1										
1721	A	574	D	186608	0	0	0	0	186608	A	186608	1										
1722	T	574	D	0	186608	0	0	0	186608	T	186608	1										
1723	G	575	A	0	0	0	186608	0	186608	G	186608	1										
1724	C	575	A	0	0	186608	0	0	186608	C	186608	1										
1725	T	575	A	0	186608	0	0	0	186608	T	186608	1										
1726	G	576	V	0	0	0	186608	0	186608	G	186608	1										
1727	T	576	V	0	186608	0	0	0	186608	T	186608	1										
1728	C	576	V	0	0	186608	0	0	186608	C	186608	1										
1729	C	577	R	0	0	186608	0	0	186608	C	186608	1										
1730	G	577	R	0	0	0	186608	0	186608	G	186608	1										
1731	T	577	R	0	186608	0	0	0	186608	T	186608	1										
1732	G	578	D	0	0	0	186608	0	186608	G	186608	1										
1733	A	578	D	186608	0	0	0	0	186608	A	186608	1										
1734	T	578	D	0	186608	0	0	0	186608	T	186608	1										
1735	C	579	P	0	0	186608	0	0	186608	C	186608	1										
1736	C	579	P	0	0	186608	0	0	186608	C	186608	1										
1737	A	579	P	186608	0	0	0	0	186608	A	186608	1										
1738	C	580	Q	0	0	186608	0	0	186608	C	186608	1										
1739	A	580	Q	186608	0	0	0	0	186608	A	186608	1										
1740	G	580	Q	0	0	0	186608	0	186608	G	186608	1										
1741	A	581	T	186608	0	0	0	0	186608	A	186608	1										
1742	C	581	T	0	0	186608	0	0	186608	C	186608	1										
1743	A	581	T	186608	0	0	0	0	186608	A	186608	1										
1744	C	582	L	0	0	186608	0	0	186608	C	186608	1										
1745	T	582	L	0	186608	0	0	0	186608	T	186608	1										
1746	T	582	L	0	186608	0	0	0	186608	T	186608	1										
1747	G	583	E	0	0	0	186608	0	186608	G	186608	1										
1748	A	583	E	186608	0	0	0	0	186608	A	186608	1										
1749	G	583	E	0	0	0	186608	0	186608	G	186608	1										
1750	A	584	I	186608	0	0	0	0	186608	A	186608	1										
1751	T	584	I	0	186608	0	0	0	186608	T	186608	1										
1752	T	584	I	0	186608	0	0	0	186608	T	186608	1										
1753	C	585	L	0	0	186608	0	0	186608	C	186608	1										
1754	T	585	L	0	186318	0	0	290	186608	T	186318	0.998			-	290	0.002	?				
1755	T	585	L	0	186608	0	0	0	186608	T	186608	1										
1756	G	586	D	0	0	0	186608	0	186608	G	186608	1										
1757	A	586	D	186608	0	0	0	0	186608	A	186608	1										
1758	C	586	D	0	0	186608	0	0	186608	C	186608	1										
1759	A	587	I	186608	0	0	0	0	186608	A	186608	1										
1760	T	587	I	0	186608	0	0	0	186608	T	186608	1										
