27_04-13S1S2(70525) | (70525)	Count	Abundance
1841G(D614G) 1963T(H655Y) 2063T(A688V)	25806	0.366
1709A(A570D) 1841G(D614G) 2042A(P681H) 2147T(T716I)	24655	0.350
1709A(A570D) 1715T(T572I) 1841G(D614G) 2042A(P681H) 2147T(T716I)	5209	0.074
1841G(D614G) 1939-1939Del	4841	0.069
1669-1669Del 1709A(A570D) 1841G(D614G) 2042A(P681H) 2147T(T716I)	4472	0.063
1841G(D614G) 2042A(P681H) 2147T(T716I)	1284	0.018
1841G(D614G) 1963T(H655Y) 2063T(A688V) 2184G(P728P)	1109	0.016
1704T(D568D) 1709A(A570D) 1715T(T572I) 1841G(D614G) 2042A(P681H) 2147T(T716I)	1066	0.015
1650C(G550G) 1669-1669Del 1709A(A570D) 1841G(D614G) 2042A(P681H) 2147T(T716I)	1016	0.014
1841G(D614G) 1963T(H655Y)	853	0.012
1841G(D614G) 2042A(P681H)	214	0.003
