	27_03-02S1S2(11816)		27_03-23S1S2(124407)		27_03-30S1S2(87241)		27_04-06S1S2(78929)		27_04-13S1S2(70525)		
Unique Sequences	Count	Abundance	Count	Abundance	Count	Abundance	Count	Abundance	Count	Abundance	
1669-1669Del 1709A(A570D) 1841G(D614G) 1963T(H655Y) 2063T(A688V)									731	0.010	
1669-1669Del 1709A(A570D) 1841G(D614G) 2042A(P681H)									803	0.011	
1669-1669Del 1709A(A570D) 1841G(D614G) 2042A(P681H) 2147T(T716I)									3034	0.043	
1709A(A570D) 1715T(T572I) 1841G(D614G) 1963T(H655Y) 2063T(A688V)									760	0.011	
1709A(A570D) 1715T(T572I) 1841G(D614G) 2042A(P681H)									983	0.014	
1709A(A570D) 1715T(T572I) 1841G(D614G) 2042A(P681H) 2147T(T716I)							13574	0.172	3588	0.051	
1709A(A570D) 1788C(S596S) 1841G(D614G) 2042A(P681H)					1265	0.015					
1709A(A570D) 1788C(S596S) 1841G(D614G) 2042A(P681H) 2147T(T716I)					6861	0.079					
1709A(A570D) 1841G(D614G)					3146	0.036					
1709A(A570D) 1841G(D614G) 1963T(H655Y) 2063T(A688V)									3055	0.043	
1709A(A570D) 1841G(D614G) 1963T(H655Y) 2063T(A688V) 2147T(T716I)									1018	0.014	
1709A(A570D) 1841G(D614G) 2037G(N679K) 2063T(A688V)			8715	0.070							
1709A(A570D) 1841G(D614G) 2042A(P681H)			3076	0.025	8333	0.096			3392	0.048	
1709A(A570D) 1841G(D614G) 2042A(P681H) 2147T(T716I)			7060	0.057	43259	0.496	61611	0.781	12705	0.180	
1709A(A570D) 1841G(D614G) 2063T(A688V)									1031	0.015	
1709A(A570D) 1841G(D614G) 2147T(T716I)					1729	0.020					
1773C(S591S) 1841G(D614G) 2037G(N679K) 2063T(A688V)			16468	0.132							
1832G(L611R) 1841G(D614G)	114	0.010									
1841G(D614G)	9176	0.777			3244	0.037					
1841G(D614G) 1939-1939Del									2273	0.032	
1841G(D614G) 1939-1939Del 2147T(T716I)									809	0.011	
1841G(D614G) 1963T(H655Y) 2042A(P681H) 2147T(T716I)									1739	0.025	
1841G(D614G) 1963T(H655Y) 2063T(A688V)									12495	0.177	
1841G(D614G) 1963T(H655Y) 2063T(A688V) 2147T(T716I)									3687	0.052	
1841G(D614G) 1963T(H655Y) 2147T(T716I)									698	0.010	
1841G(D614G) 1998G(I666M)	598	0.051									
1841G(D614G) 2001G(G667G)	460	0.039									
1841G(D614G) 2006T(G669V)	179	0.015									
1841G(D614G) 2037G(N679K) 2063T(A688V)			65470	0.526							
1841G(D614G) 2037G(N679K) 2063T(A688V) 2147T(T716I)			4096	0.033							
1841G(D614G) 2042A(P681H)			2844	0.023	4276	0.049			1745	0.025	
1841G(D614G) 2042A(P681H) 2147T(T716I)			5461	0.044	10564	0.121			6094	0.086	
1841G(D614G) 2100C(G700G)	744	0.063									
1841G(D614G) 2147T(T716I)					1754	0.020					
1841G(D614G) 2181G(L727L)	545	0.046									
