	27_03-02S1S2(11816)		27_03-23S1S2(122953)		27_03-30S1S2(87241)		27_04-06S1S2(78929)		27_04-13S1S2(70524)		
Unique Sequence	Count	Abundance	Count	Abundance	Count	Abundance	Count	Abundance	Count	Abundance	
1669-1669Del 1709A(A570D) 1841G(D614G) 2042A(P681H) 2147T(T716I)									4869	0.069	
1709A(A570D) 1715T(T572I) 1841G(D614G) 2042A(P681H) 2147T(T716I)							13676	0.173	6917	0.098	
1709A(A570D) 1788C(S596S) 1841G(D614G) 2042A(P681H) 2147T(T716I)					8364	0.096					
1709A(A570D) 1841G(D614G) 2042A(P681H)					10981	0.126					
1709A(A570D) 1841G(D614G) 2042A(P681H) 2147T(T716I)			20250	0.165	46164	0.529	61611	0.781	24050	0.341	
1773C(S591S) 1841G(D614G) 2037G(N679K) 2063T(A688V)			20541	0.167							
1832G(L611R) 1841G(D614G)	114	0.010									
1841G(D614G)	9176	0.777			7326	0.084					
1841G(D614G) 1939-1939Del									4440	0.063	
1841G(D614G) 1963T(H655Y) 2063T(A688V)									27686	0.393	
1841G(D614G) 1998G(I666M)	598	0.051									
1841G(D614G) 2001G(G667G)	460	0.039									
1841G(D614G) 2006T(G669V)	179	0.015									
1841G(D614G) 2037G(N679K) 2063T(A688V)			78400	0.638							
1841G(D614G) 2042A(P681H) 2147T(T716I)					12678	0.145					
1841G(D614G) 2100C(G700G)	744	0.063									
1841G(D614G) 2181G(L727L)	545	0.046									
