	27_03-02S1S2(11816) | (11816)		27_03-23S1S2(124407) | (124407)		27_03-30S1S2(87241) | (87241)		27_04-06S1S2(78929) | (78929)		27_04-13S1S2(70525) | (70525)		
Covariant	Count	Abundance	Count	Abundance	Count	Abundance	Count	Abundance	Count	Abundance	
1650C(G550G) 1669-1669Del 1709A(A570D) 1841G(D614G) 2042A(P681H) 2147T(T716I)									1016	0.014	
1669-1669Del 1709A(A570D) 1841G(D614G) 2042A(P681H) 2147T(T716I)									4472	0.063	
1704T(D568D) 1709A(A570D) 1715T(T572I) 1841G(D614G) 2042A(P681H) 2147T(T716I)									1066	0.015	
1709A(A570D) 1715T(T572I) 1841G(D614G) 2042A(P681H) 2147T(T716I)							12655	0.160	5209	0.074	
1709A(A570D) 1788C(S596S) 1841G(D614G) 2042A(P681H) 2147T(T716I)					9208	0.106					
1709A(A570D) 1841G(D614G) 2042A(P681H) 2147T(T716I)			18715	0.150	55650	0.638	62530	0.792	24655	0.350	
1709A(A570D) 1841G(D614G) 2042A(P681H) 2147T(T716I) 2153C(F718S)			1451	0.012							
1773C(S591S) 1841G(D614G) 2037G(N679K) 2063T(A688V)			19300	0.155							
1832G(L611R) 1841G(D614G)	114	0.010									
1841G(D614G)	9176	0.777			10484	0.120					
1841G(D614G) 1939-1939Del									4841	0.069	
1841G(D614G) 1963T(H655Y)									853	0.012	
1841G(D614G) 1963T(H655Y) 2063T(A688V)									25806	0.366	
1841G(D614G) 1963T(H655Y) 2063T(A688V) 2184G(P728P)									1109	0.016	
1841G(D614G) 1998G(I666M)	598	0.051									
1841G(D614G) 2001G(G667G)	460	0.039									
1841G(D614G) 2006T(G669V)	179	0.015									
1841G(D614G) 2037G(N679K) 2063T(A688V)			80984	0.651							
1841G(D614G) 2042A(P681H)					9825	0.113					
1841G(D614G) 2042A(P681H) 2147T(T716I)									1284	0.018	
1841G(D614G) 2100C(G700G)	744	0.063									
1841G(D614G) 2181G(L727L)	545	0.046									
